Key,AQI_Category,G_C,Last_Month_Community_Engagement_Activities_(per_month),Last_Month_Energy_Consumption_(kWhpermonth),Last_Month_Fuel_Usage_(literspermonth),Last_Month_Paper_Waste_Threshold_(kgpermonth),Last_Month_Water_Usage_(literspermonth),New_Month_Community_Engagement_Activities_(per_month),New_Month_Energy_Consumption_(kWhpermonth),New_Month_Fuel_Usage_(literspermonth),New_Month_Paper_Waste_Threshold_(kgpermonth),New_Month_Water_Usage_(literspermonth),Post_Office_ID,Rank,Region,Score,Suggested_Plants_for_Plantation,T_C,Type_of_Post_Office,Typical_AQI_Range
-OD_KiveFMJwq0UpkqR5,Unhealthy,10,4,3000,200,250,5000,5,3200,180,300,4800,1,1,Urban,17.2,"Neem, Peepal, Tulsi",15,Head Post Office (HPO),151–200
-OD_Kj0ETzFV9NY0wUNM,Moderate,11,4,3000,200,250,5000,3,2700,210,280,5200,26,2,Urban,-0.26666666666666955,"Neem, Peepal, Tulsi",15,Sub Post Office (SPO),101–150
-OD_Kj6ak_ggAUsZPIlQ,Satisfactory,12,4,3000,200,250,5000,5,3200,180,300,4800,61,5,Rural,-261.17777777777775,"Neem, Peepal, Tulsi",15,Branch Post Office (BPO),51–100
-OD_KjDRnvKvm_5TLGUm,Satisfactory,13,3,2800,190,240,4800,5,3200,180,200,4800,52,3,Semi-Urban,-125.04594820384294,"Spider Plant, Aloe Vera",15,Branch Post Office (BPO),51–100
-OD_KjJgGZPUyNurVHRg,Satisfactory,9,4,3000,200,250,5000,5,3200,180,300,4800,51,4,Semi-Urban,-135.84444444444446,"Neem, Peepal, Tulsi",10,Branch Post Office (BPO),51–100